﻿<lfm status="ok">
  <similartracks track="Believe" artist="Cher">
    <track>
      <name>Strong Enough</name>
      <playcount>403779</playcount>
      <mbid/>
      <match>1</match>
      <url>http://www.last.fm/music/Cher/_/Strong+Enough</url>
      <streamable fulltrack="0">1</streamable>
      <duration>237000</duration>
      <artist>
        <name>Cher</name>
        <mbid>bfcc6d75-a6a5-4bc6-8282-47aec8531818</mbid>
        <url>http://www.last.fm/music/Cher</url>
      </artist>
      <image size="small">http://userserve-ak.last.fm/serve/34s/41161483.png</image>
      <image size="medium">http://userserve-ak.last.fm/serve/64s/41161483.png</image>
      <image size="large">http://userserve-ak.last.fm/serve/126/41161483.png</image>
      <image size="extralarge">
        http://userserve-ak.last.fm/serve/300x300/41161483.png
      </image>
    </track>  
  </similartracks>
</lfm>