﻿<lfm status="ok">
  <similartracks track="Believe" artist="Cher">
    <track>
      <name>Strong Enough</name>
      <playcount>403779</playcount>
      <mbid/>
      <match>1</match>
      <url>http://www.last.fm/music/Cher/_/Strong+Enough</url>
      <streamable fulltrack="0">1</streamable>
      <duration>237000</duration>
      <artist>
        <name>Cher</name>
        <mbid>bfcc6d75-a6a5-4bc6-8282-47aec8531818</mbid>
        <url>http://www.last.fm/music/Cher</url>
      </artist>
      <image size="small">http://userserve-ak.last.fm/serve/34s/41161483.png</image>
      <image size="medium">http://userserve-ak.last.fm/serve/64s/41161483.png</image>
      <image size="large">http://userserve-ak.last.fm/serve/126/41161483.png</image>
      <image size="extralarge">
        http://userserve-ak.last.fm/serve/300x300/41161483.png
      </image>
    </track>
    <track>
      <name>All Or Nothing</name>
      <playcount>159096</playcount>
      <mbid/>
      <match>0.961879</match>
      <url>http://www.last.fm/music/Cher/_/All+Or+Nothing</url>
      <streamable fulltrack="0">1</streamable>
      <duration>237000</duration>
      <artist>
        <name>Cher</name>
        <mbid>bfcc6d75-a6a5-4bc6-8282-47aec8531818</mbid>
        <url>http://www.last.fm/music/Cher</url>
      </artist>
      <image size="small">http://userserve-ak.last.fm/serve/34s/41161483.png</image>
      <image size="medium">http://userserve-ak.last.fm/serve/64s/41161483.png</image>
      <image size="large">http://userserve-ak.last.fm/serve/126/41161483.png</image>
      <image size="extralarge">
        http://userserve-ak.last.fm/serve/300x300/41161483.png
      </image>
    </track>
    <track>
      <name>Vogue</name>
      <playcount>1169155</playcount>
      <mbid/>
      <match>0.291088</match>
      <url>http://www.last.fm/music/Madonna/_/Vogue</url>
      <streamable fulltrack="0">0</streamable>
      <duration>237000</duration>
      <artist>
        <name>Madonna</name>
        <mbid>79239441-bfd5-4981-a70c-55c3f15c1287</mbid>
        <url>http://www.last.fm/music/Madonna</url>
      </artist>
      <image size="small">http://userserve-ak.last.fm/serve/34s/64119257.png</image>
      <image size="medium">http://userserve-ak.last.fm/serve/64s/64119257.png</image>
      <image size="large">http://userserve-ak.last.fm/serve/126/64119257.png</image>
      <image size="extralarge">
        http://userserve-ak.last.fm/serve/300x300/64119257.png
      </image>
    </track>
    <track>
      <name>Hung Up</name>
      <playcount>2732851</playcount>
      <mbid/>
      <match>0.286534</match>
      <url>http://www.last.fm/music/Madonna/_/Hung+Up</url>
      <streamable fulltrack="0">1</streamable>
      <duration>237000</duration>
      <artist>
        <name>Madonna</name>
        <mbid>79239441-bfd5-4981-a70c-55c3f15c1287</mbid>
        <url>http://www.last.fm/music/Madonna</url>
      </artist>
      <image size="small">http://userserve-ak.last.fm/serve/34s/64854239.png</image>
      <image size="medium">http://userserve-ak.last.fm/serve/64s/64854239.png</image>
      <image size="large">http://userserve-ak.last.fm/serve/126/64854239.png</image>
      <image size="extralarge">
        http://userserve-ak.last.fm/serve/300x300/64854239.png
      </image>
    </track>
    <track>
      <name>Not Myself Tonight</name>
      <playcount>2369824</playcount>
      <mbid/>
      <match>0.249768</match>
      <url>
        http://www.last.fm/music/Christina+Aguilera/_/Not+Myself+Tonight
      </url>
      <streamable fulltrack="0">1</streamable>
      <duration>237000</duration>
      <artist>
        <name>Christina Aguilera</name>
        <mbid>b202beb7-99bd-47e7-8b72-195c8d72ebdd</mbid>
        <url>http://www.last.fm/music/Christina+Aguilera</url>
      </artist>
      <image size="small">http://userserve-ak.last.fm/serve/34s/57781289.png</image>
      <image size="medium">http://userserve-ak.last.fm/serve/64s/57781289.png</image>
      <image size="large">http://userserve-ak.last.fm/serve/126/57781289.png</image>
      <image size="extralarge">
        http://userserve-ak.last.fm/serve/300x300/57781289.png
      </image>
    </track>
    <track>
      <name>Get Outta My Way</name>
      <playcount>1436930</playcount>
      <mbid/>
      <match>0.248483</match>
      <url>
        http://www.last.fm/music/Kylie+Minogue/_/Get+Outta+My+Way
      </url>
      <streamable fulltrack="0">1</streamable>
      <duration>237000</duration>
      <artist>
        <name>Kylie Minogue</name>
        <mbid>2fddb92d-24b2-46a5-bf28-3aed46f4684c</mbid>
        <url>http://www.last.fm/music/Kylie+Minogue</url>
      </artist>
      <image size="small">http://userserve-ak.last.fm/serve/34s/52265157.png</image>
      <image size="medium">http://userserve-ak.last.fm/serve/64s/52265157.png</image>
      <image size="large">http://userserve-ak.last.fm/serve/126/52265157.png</image>
      <image size="extralarge">
        http://userserve-ak.last.fm/serve/300x300/52265157.png
      </image>
    </track>
    <track>
      <name>Can't Get You Out of My Head</name>
      <playcount>1696654</playcount>
      <mbid/>
      <match>0.229059</match>
      <url>
        http://www.last.fm/music/Kylie+Minogue/_/Can%27t+Get+You+Out+of+My+Head
      </url>
      <streamable fulltrack="0">0</streamable>
      <duration>237000</duration>
      <artist>
        <name>Kylie Minogue</name>
        <mbid>2fddb92d-24b2-46a5-bf28-3aed46f4684c</mbid>
        <url>http://www.last.fm/music/Kylie+Minogue</url>
      </artist>
      <image size="small">http://userserve-ak.last.fm/serve/34s/58073109.png</image>
      <image size="medium">http://userserve-ak.last.fm/serve/64s/58073109.png</image>
      <image size="large">http://userserve-ak.last.fm/serve/126/58073109.png</image>
      <image size="extralarge">
        http://userserve-ak.last.fm/serve/300x300/58073109.png
      </image>
    </track>
    <track>
      <name>Americano</name>
      <playcount>1465494</playcount>
      <mbid/>
      <match>0.225444</match>
      <url>http://www.last.fm/music/Lady+Gaga/_/Americano</url>
      <streamable fulltrack="0">0</streamable>
      <duration>237000</duration>
      <artist>
        <name>Lady Gaga</name>
        <mbid>650e7db6-b795-4eb5-a702-5ea2fc46c848</mbid>
        <url>http://www.last.fm/music/Lady+Gaga</url>
      </artist>
      <image size="small">http://userserve-ak.last.fm/serve/34s/70064792.png</image>
      <image size="medium">http://userserve-ak.last.fm/serve/64s/70064792.png</image>
      <image size="large">http://userserve-ak.last.fm/serve/126/70064792.png</image>
      <image size="extralarge">
        http://userserve-ak.last.fm/serve/300x300/70064792.png
      </image>
    </track>
    <track>
      <name>Hair</name>
      <playcount>1890316</playcount>
      <mbid/>
      <match>0.225049</match>
      <url>http://www.last.fm/music/Lady+Gaga/_/Hair</url>
      <streamable fulltrack="0">0</streamable>
      <duration>237000</duration>
      <artist>
        <name>Lady Gaga</name>
        <mbid>650e7db6-b795-4eb5-a702-5ea2fc46c848</mbid>
        <url>http://www.last.fm/music/Lady+Gaga</url>
      </artist>
      <image size="small">http://userserve-ak.last.fm/serve/34s/70064792.png</image>
      <image size="medium">http://userserve-ak.last.fm/serve/64s/70064792.png</image>
      <image size="large">http://userserve-ak.last.fm/serve/126/70064792.png</image>
      <image size="extralarge">
        http://userserve-ak.last.fm/serve/300x300/70064792.png
      </image>
    </track>
    <track>
      <name>Waiting For Tonight</name>
      <playcount>588138</playcount>
      <mbid/>
      <match>0.217752</match>
      <url>
        http://www.last.fm/music/Jennifer+Lopez/_/Waiting+For+Tonight
      </url>
      <streamable fulltrack="0">1</streamable>
      <duration>237000</duration>
      <artist>
        <name>Jennifer Lopez</name>
        <mbid>f0602f55-1770-483d-89bd-4bae0d0ac086</mbid>
        <url>http://www.last.fm/music/Jennifer+Lopez</url>
      </artist>
      <image size="small">http://userserve-ak.last.fm/serve/34s/44969241.png</image>
      <image size="medium">http://userserve-ak.last.fm/serve/64s/44969241.png</image>
      <image size="large">http://userserve-ak.last.fm/serve/126/44969241.png</image>
      <image size="extralarge">
        http://userserve-ak.last.fm/serve/300x300/44969241.png
      </image>
    </track>
</similartracks>
</lfm>